{"cameraMode":{"drawMode":0,"name":"Shaded","section":"Shading Mode"},"sceneLighting":false,"audioPlay":false,"sceneViewState":{"m_AlwaysRefresh":false,"showFog":true,"showSkybox":false,"showFlares":true,"showImageEffects":true,"showParticleSystems":true,"showVisualEffectGraphs":true,"m_FxEnabled":true},"in2DMode":false,"pivot":{"x":0.07196927070617676,"y":1.6389567852020264,"z":1.0199992656707764},"rotation":{"x":-0.03909094259142876,"y":0.8488796353340149,"z":-0.06340982764959336,"w":-0.5233164429664612},"size":0.9455880522727966,"orthographic":false}