{"cameraMode":{"drawMode":0,"name":"Shaded","section":"Shading Mode"},"sceneLighting":false,"audioPlay":false,"sceneViewState":{"m_AlwaysRefresh":false,"showFog":true,"showSkybox":false,"showFlares":true,"showImageEffects":true,"showParticleSystems":true,"showVisualEffectGraphs":true,"m_FxEnabled":true},"in2DMode":false,"pivot":{"x":-0.5682170987129211,"y":1.431165099143982,"z":-6.116892337799072},"rotation":{"x":0.00014369783457368612,"y":0.9996685981750488,"z":0.0056887781247496609,"w":-0.025194428861141206},"size":5.359729290008545,"orthographic":false}