{"cameraMode":{"drawMode":0,"name":"Shaded","section":"Shading Mode"},"sceneLighting":false,"audioPlay":false,"sceneViewState":{"m_AlwaysRefresh":false,"showFog":true,"showSkybox":false,"showFlares":true,"showImageEffects":true,"showParticleSystems":true,"showVisualEffectGraphs":true,"m_FxEnabled":true},"in2DMode":false,"pivot":{"x":-1.2107429504394532,"y":0.6677217483520508,"z":1.5041165351867676},"rotation":{"x":0.011273817159235478,"y":0.9879061579704285,"z":-0.12770909070968629,"w":0.08721151947975159},"size":1.5455880165100098,"orthographic":false}